{
  "id": "Tenacity",
  "assets": "1.8",
  "libraries": [
    {
      "name": "org.objectweb:asm:9.0"
    },
    {
      "name": "org.objectweb:asm-analysis:9.0"
    },
    {
      "name": "org.objectweb:asm-commons:9.0"
    },
    {
      "name": "org.objectweb:asm-tree:9.0"
    },
    {
      "name": "org.objectweb:asm-util:9.0"
    },
    {
      "name": "com.sun:tools-attach:1.8.0"
    },
    {
      "downloads": {
        "artifact": {
          "path": "oshi-project/oshi-core/1.1/oshi-core-1.1.jar",
          "sha1": "9ddf7b048a8d701be231c0f4f95fd986198fd2d8",
          "size": 30973,
          "url": "https://libraries.minecraft.net/oshi-project/oshi-core/1.1/oshi-core-1.1.jar"
        }
      },
      "name": "oshi-project:oshi-core:1.1"
    },
    {
      "downloads": {
        "artifact": {
          "path": "com/ibm/icu/icu4j-core-mojang/69.1/icu4j-core-mojang-69.1.jar",
          "sha1": "ff666ac55986650893aacb9e2e0003538e9799c0",
          "size": 13356812,
          "url": "https://repo1.maven.org/maven2/com/ibm/icu/icu4j/69.1/icu4j-69.1.jar"
        }
      },
      "name": "com.ibm.icu:icu4j-core-mojang:69.1"
    },
    {
      "downloads": {
        "artifact": {
          "path": "net/sf/jopt-simple/jopt-simple/5.0.4/jopt-simple-5.0.4.jar",
          "sha1": "4fdac2fbe92dfad86aa6e9301736f6b4342a3f5c",
          "size": 78146,
          "url": "https://repo1.maven.org/maven2/net/sf/jopt-simple/jopt-simple/5.0.4/jopt-simple-5.0.4.jar"
        }
      },
      "name": "net.sf.jopt-simple:jopt-simple:5.0.4"
    },
    {
      "downloads": {
        "artifact": {
          "path": "com/paulscode/codecjorbis/20101023/codecjorbis-20101023.jar",
          "sha1": "c73b5636faf089d9f00e8732a829577de25237ee",
          "size": 103871,
          "url": "https://libraries.minecraft.net/com/paulscode/codecjorbis/20101023/codecjorbis-20101023.jar"
        }
      },
      "name": "com.paulscode:codecjorbis:20101023"
    },
    {
      "downloads": {
        "artifact": {
          "path": "com/paulscode/codecwav/20101023/codecwav-20101023.jar",
          "sha1": "12f031cfe88fef5c1dd36c563c0a3a69bd7261da",
          "size": 5618,
          "url": "https://libraries.minecraft.net/com/paulscode/codecwav/20101023/codecwav-20101023.jar"
        }
      },
      "name": "com.paulscode:codecwav:20101023"
    },
    {
      "downloads": {
        "artifact": {
          "path": "com/paulscode/libraryjavasound/20101123/libraryjavasound-20101123.jar",
          "sha1": "5c5e304366f75f9eaa2e8cca546a1fb6109348b3",
          "size": 21679,
          "url": "https://libraries.minecraft.net/com/paulscode/libraryjavasound/20101123/libraryjavasound-20101123.jar"
        }
      },
      "name": "com.paulscode:libraryjavasound:20101123"
    },
    {
      "downloads": {
        "artifact": {
          "path": "com/paulscode/librarylwjglopenal/20100824/librarylwjglopenal-20100824.jar",
          "sha1": "73e80d0794c39665aec3f62eee88ca91676674ef",
          "size": 18981,
          "url": "https://libraries.minecraft.net/com/paulscode/librarylwjglopenal/20100824/librarylwjglopenal-20100824.jar"
        }
      },
      "name": "com.paulscode:librarylwjglopenal:20100824"
    },
    {
      "downloads": {
        "artifact": {
          "path": "com/paulscode/soundsystem/20120107/soundsystem-20120107.jar",
          "sha1": "419c05fe9be71f792b2d76cfc9b67f1ed0fec7f6",
          "size": 65020,
          "url": "https://libraries.minecraft.net/com/paulscode/soundsystem/20120107/soundsystem-20120107.jar"
        }
      },
      "name": "com.paulscode:soundsystem:20120107"
    },
    {
      "downloads": {
        "artifact": {
          "path": "io/netty/netty-all/4.1.63.Final/netty-all-4.1.63.Final.jar",
          "sha1": "02f4f61c3f096192a49db049d80e9734f5b0d1ba",
          "size": 4378921,
          "url": "https://repo1.maven.org/maven2/io/netty/netty-all/4.1.63.Final/netty-all-4.1.63.Final.jar"
        }
      },
      "name": "io.netty:netty-all:4.1.63.Final"
    },
    {
      "downloads": {
        "artifact": {
          "path": "com/google/guava/guava/30.1.1-jre/guava-30.1.1-jre.jar",
          "sha1": "87e0fd1df874ea3cbe577702fe6f17068b790fd8",
          "size": 2874025,
          "url": "https://repo1.maven.org/maven2/com/google/guava/guava/30.1.1-jre/guava-30.1.1-jre.jar"
        }
      },
      "name": "com.google.guava:guava:30.1.1-jre"
    },
    {
      "downloads": {
        "artifact": {
          "path": "com/google/guava/failureaccess/1.0.1/failureaccess-1.0.1.jar",
          "sha1": "1dcf1de382a0bf95a3d8b0849546c88bac1292c9",
          "size": 4617,
          "url": "https://repo1.maven.org/maven2/com/google/guava/failureaccess/1.0.1/failureaccess-1.0.1.jar"
        }
      },
      "name": "com.google.guava:failureaccess:1.0.1"
    },
    {
      "downloads": {
        "artifact": {
          "path": "org/apache/commons/commons-lang3/3.12.0/commons-lang3-3.12.0.jar",
          "sha1": "c6842c86792ff03b9f1d1fe2aab8dc23aa6c6f0e",
          "size": 587402,
          "url": "https://repo1.maven.org/maven2/org/apache/commons/commons-lang3/3.12.0/commons-lang3-3.12.0.jar"
        }
      },
      "name": "org.apache.commons:commons-lang3:3.12.0"
    },
    {
      "downloads": {
        "artifact": {
          "path": "commons-io/commons-io/2.8.0/commons-io-2.8.0.jar",
          "sha1": "92999e26e6534606b5678014e66948286298a35c",
          "size": 285424,
          "url": "https://repo1.maven.org/maven2/commons-io/commons-io/2.8.0/commons-io-2.8.0.jar"
        }
      },
      "name": "commons-io:commons-io:2.8.0"
    },
    {
      "downloads": {
        "artifact": {
          "path": "commons-codec/commons-codec/1.15/commons-codec-1.15.jar",
          "sha1": "49d94806b6e3dc933dacbd8acb0fdbab8ebd1e5d",
          "size": 353793,
          "url": "https://repo1.maven.org/maven2/commons-codec/commons-codec/1.15/commons-codec-1.15.jar"
        }
      },
      "name": "commons-codec:commons-codec:1.15"
    },
    {
      "downloads": {
        "artifact": {
          "path": "net/java/jinput/jinput/2.0.9/jinput-2.0.9.jar",
          "sha1": "5c05470d6ede64e77b1f24a052ea2650aecf4036",
          "size": 207250,
          "url": "https://repo1.maven.org/maven2/net/java/jinput/jinput/2.0.9/jinput-2.0.9.jar"
        }
      },
      "name": "net.java.jinput:jinput:2.0.9"
    },
    {
      "downloads": {
        "artifact": {
          "path": "net/java/jutils/jutils/1.0.0/jutils-1.0.0.jar",
          "sha1": "e12fe1fda814bd348c1579329c86943d2cd3c6a6",
          "size": 7508,
          "url": "https://libraries.minecraft.net/net/java/jutils/jutils/1.0.0/jutils-1.0.0.jar"
        }
      },
      "name": "net.java.jutils:jutils:1.0.0"
    },
    {
      "downloads": {
        "artifact": {
          "path": "com/google/code/gson/gson/2.8.6/gson-2.8.6.jar",
          "sha1": "9180733b7df8542621dc12e21e87557e8c99b8cb",
          "size": 240255,
          "url": "https://repo1.maven.org/maven2/com/google/code/gson/gson/2.8.6/gson-2.8.6.jar"
        }
      },
      "name": "com.google.code.gson:gson:2.8.6"
    },
    {
      "downloads": {
        "artifact": {
          "path": "com/mojang/authlib/1.5.21/authlib-1.5.21.jar",
          "sha1": "aefba0d5b53fbcb70860bc8046ab95d5854c07a5",
          "size": 64412,
          "url": "https://libraries.minecraft.net/com/mojang/authlib/1.5.21/authlib-1.5.21.jar"
        }
      },
      "name": "com.mojang:authlib:1.5.21"
    },
    {
      "downloads": {
        "artifact": {
          "path": "org/apache/commons/commons-compress/1.20/commons-compress-1.20.jar",
          "sha1": "b8df472b31e1f17c232d2ad78ceb1c84e00c641b",
          "size": 632424,
          "url": "https://repo1.maven.org/maven2/org/apache/commons/commons-compress/1.20/commons-compress-1.20.jar"
        }
      },
      "name": "org.apache.commons:commons-compress:1.20"
    },
    {
      "downloads": {
        "artifact": {
          "path": "org/apache/httpcomponents/httpclient/4.5.13/httpclient-4.5.13.jar",
          "sha1": "e5f6cae5ca7ecaac1ec2827a9e2d65ae2869cada",
          "size": 780321,
          "url": "https://repo1.maven.org/maven2/org/apache/httpcomponents/httpclient/4.5.13/httpclient-4.5.13.jar"
        }
      },
      "name": "org.apache.httpcomponents:httpclient:4.5.13"
    },
    {
      "downloads": {
        "artifact": {
          "path": "commons-logging/commons-logging/1.2/commons-logging-1.2.jar",
          "sha1": "4bfc12adfe4842bf07b657f0369c4cb522955686",
          "size": 61829,
          "url": "https://repo1.maven.org/maven2/commons-logging/commons-logging/1.2/commons-logging-1.2.jar"
        }
      },
      "name": "commons-logging:commons-logging:1.2"
    },
    {
      "downloads": {
        "artifact": {
          "path": "org/apache/httpcomponents/httpcore/4.4.14/httpcore-4.4.14.jar",
          "sha1": "9dd1a631c082d92ecd4bd8fd4cf55026c720a8c1",
          "size": 328436,
          "url": "https://repo1.maven.org/maven2/org/apache/httpcomponents/httpcore/4.4.14/httpcore-4.4.14.jar"
        }
      },
      "name": "org.apache.httpcomponents:httpcore:4.4.14"
    },
    {
      "downloads": {
        "artifact": {
          "path": "org/apache/logging/log4j/log4j-api/2.14.1/log4j-api-2.14.1.jar",
          "sha1": "cd8858fbbde69f46bce8db1152c18a43328aae78",
          "size": 300365,
          "url": "https://repo1.maven.org/maven2/org/apache/logging/log4j/log4j-api/2.14.1/log4j-api-2.14.1.jar"
        }
      },
      "name": "org.apache.logging.log4j:log4j-api:2.14.1"
    },
    {
      "downloads": {
        "artifact": {
          "path": "org/apache/logging/log4j/log4j-core/2.14.1/log4j-core-2.14.1.jar",
          "sha1": "9141212b8507ab50a45525b545b39d224614528b",
          "size": 1745700,
          "url": "https://repo1.maven.org/maven2/org/apache/logging/log4j/log4j-core/2.14.1/log4j-core-2.14.1.jar"
        }
      },
      "name": "org.apache.logging.log4j:log4j-core:2.14.1"
    },
    {
      "downloads": {
        "artifact": {
          "path": "org/lwjgl/lwjgl/lwjgl/2.9.4-nightly-20150209/lwjgl-2.9.4-nightly-20150209.jar",
          "sha1": "697517568c68e78ae0b4544145af031c81082dfe",
          "size": 1047168,
          "url": "https://libraries.minecraft.net/org/lwjgl/lwjgl/lwjgl/2.9.4-nightly-20150209/lwjgl-2.9.4-nightly-20150209.jar"
        }
      },
      "name": "org.lwjgl.lwjgl:lwjgl:2.9.4-nightly-20150209",
      "rules": [
        {
          "action": "allow"
        },
        {
          "action": "disallow",
          "os": {
            "name": "osx"
          }
        }
      ]
    },
    {
      "downloads": {
        "artifact": {
          "path": "org/lwjgl/lwjgl/lwjgl_util/2.9.4-nightly-20150209/lwjgl_util-2.9.4-nightly-20150209.jar",
          "sha1": "d51a7c040a721d13efdfbd34f8b257b2df882ad0",
          "size": 173887,
          "url": "https://libraries.minecraft.net/org/lwjgl/lwjgl/lwjgl_util/2.9.4-nightly-20150209/lwjgl_util-2.9.4-nightly-20150209.jar"
        }
      },
      "name": "org.lwjgl.lwjgl:lwjgl_util:2.9.4-nightly-20150209",
      "rules": [
        {
          "action": "allow"
        },
        {
          "action": "disallow",
          "os": {
            "name": "osx"
          }
        }
      ]
    },
    {
      "downloads": {
        "artifact": {
          "path": "org/lwjgl/lwjgl/lwjgl-platform/2.9.4-nightly-20150209/lwjgl-platform-2.9.4-nightly-20150209.jar",
          "sha1": "b04f3ee8f5e43fa3b162981b50bb72fe1acabb33",
          "size": 22,
          "url": "https://libraries.minecraft.net/org/lwjgl/lwjgl/lwjgl-platform/2.9.4-nightly-20150209/lwjgl-platform-2.9.4-nightly-20150209.jar"
        },
        "classifiers": {
          "natives-linux": {
            "path": "org/lwjgl/lwjgl/lwjgl-platform/2.9.4-nightly-20150209/lwjgl-platform-2.9.4-nightly-20150209-natives-linux.jar",
            "sha1": "931074f46c795d2f7b30ed6395df5715cfd7675b",
            "size": 578680,
            "url": "https://libraries.minecraft.net/org/lwjgl/lwjgl/lwjgl-platform/2.9.4-nightly-20150209/lwjgl-platform-2.9.4-nightly-20150209-natives-linux.jar"
          },
          "natives-osx": {
            "path": "org/lwjgl/lwjgl/lwjgl-platform/2.9.4-nightly-20150209/lwjgl-platform-2.9.4-nightly-20150209-natives-osx.jar",
            "sha1": "bcab850f8f487c3f4c4dbabde778bb82bd1a40ed",
            "size": 426822,
            "url": "https://libraries.minecraft.net/org/lwjgl/lwjgl/lwjgl-platform/2.9.4-nightly-20150209/lwjgl-platform-2.9.4-nightly-20150209-natives-osx.jar"
          },
          "natives-windows": {
            "path": "org/lwjgl/lwjgl/lwjgl-platform/2.9.4-nightly-20150209/lwjgl-platform-2.9.4-nightly-20150209-natives-windows.jar",
            "sha1": "b84d5102b9dbfabfeb5e43c7e2828d98a7fc80e0",
            "size": 613748,
            "url": "https://libraries.minecraft.net/org/lwjgl/lwjgl/lwjgl-platform/2.9.4-nightly-20150209/lwjgl-platform-2.9.4-nightly-20150209-natives-windows.jar"
          }
        }
      },
      "extract": {
        "exclude": [
          "META-INF/"
        ]
      },
      "name": "org.lwjgl.lwjgl:lwjgl-platform:2.9.4-nightly-20150209",
      "natives": {
        "linux": "natives-linux",
        "osx": "natives-osx",
        "windows": "natives-windows"
      },
      "rules": [
        {
          "action": "allow"
        },
        {
          "action": "disallow",
          "os": {
            "name": "osx"
          }
        }
      ]
    },
    {
      "downloads": {
        "artifact": {
          "path": "org/lwjgl/lwjgl/lwjgl/2.9.2-nightly-20140822/lwjgl-2.9.2-nightly-20140822.jar",
          "sha1": "7707204c9ffa5d91662de95f0a224e2f721b22af",
          "size": 1045632,
          "url": "https://libraries.minecraft.net/org/lwjgl/lwjgl/lwjgl/2.9.2-nightly-20140822/lwjgl-2.9.2-nightly-20140822.jar"
        }
      },
      "name": "org.lwjgl.lwjgl:lwjgl:2.9.2-nightly-20140822",
      "rules": [
        {
          "action": "allow",
          "os": {
            "name": "osx"
          }
        }
      ]
    },
    {
      "downloads": {
        "artifact": {
          "path": "org/lwjgl/lwjgl/lwjgl_util/2.9.2-nightly-20140822/lwjgl_util-2.9.2-nightly-20140822.jar",
          "sha1": "f0e612c840a7639c1f77f68d72a28dae2f0c8490",
          "size": 173887,
          "url": "https://libraries.minecraft.net/org/lwjgl/lwjgl/lwjgl_util/2.9.2-nightly-20140822/lwjgl_util-2.9.2-nightly-20140822.jar"
        }
      },
      "name": "org.lwjgl.lwjgl:lwjgl_util:2.9.2-nightly-20140822",
      "rules": [
        {
          "action": "allow",
          "os": {
            "name": "osx"
          }
        }
      ]
    },
    {
      "downloads": {
        "classifiers": {
          "natives-linux": {
            "path": "org/lwjgl/lwjgl/lwjgl-platform/2.9.2-nightly-20140822/lwjgl-platform-2.9.2-nightly-20140822-natives-linux.jar",
            "sha1": "d898a33b5d0a6ef3fed3a4ead506566dce6720a5",
            "size": 578539,
            "url": "https://libraries.minecraft.net/org/lwjgl/lwjgl/lwjgl-platform/2.9.2-nightly-20140822/lwjgl-platform-2.9.2-nightly-20140822-natives-linux.jar"
          },
          "natives-osx": {
            "path": "org/lwjgl/lwjgl/lwjgl-platform/2.9.2-nightly-20140822/lwjgl-platform-2.9.2-nightly-20140822-natives-osx.jar",
            "sha1": "79f5ce2fea02e77fe47a3c745219167a542121d7",
            "size": 468116,
            "url": "https://libraries.minecraft.net/org/lwjgl/lwjgl/lwjgl-platform/2.9.2-nightly-20140822/lwjgl-platform-2.9.2-nightly-20140822-natives-osx.jar"
          },
          "natives-windows": {
            "path": "org/lwjgl/lwjgl/lwjgl-platform/2.9.2-nightly-20140822/lwjgl-platform-2.9.2-nightly-20140822-natives-windows.jar",
            "sha1": "78b2a55ce4dc29c6b3ec4df8ca165eba05f9b341",
            "size": 613680,
            "url": "https://libraries.minecraft.net/org/lwjgl/lwjgl/lwjgl-platform/2.9.2-nightly-20140822/lwjgl-platform-2.9.2-nightly-20140822-natives-windows.jar"
          }
        }
      },
      "extract": {
        "exclude": [
          "META-INF/"
        ]
      },
      "name": "org.lwjgl.lwjgl:lwjgl-platform:2.9.2-nightly-20140822",
      "natives": {
        "linux": "natives-linux",
        "osx": "natives-osx",
        "windows": "natives-windows"
      },
      "rules": [
        {
          "action": "allow",
          "os": {
            "name": "osx"
          }
        }
      ]
    }
  ],
  "mainClass": "me.paolo.CrackMain",
  "minecraftArguments": "--username ${auth_player_name} --version ${version_name} --gameDir ${game_directory} --assetsDir ${assets_root} --assetIndex ${assets_index_name} --uuid ${auth_uuid} --accessToken ${auth_access_token} --userProperties ${user_properties} --userType ${user_type}",
  "minimumLauncherVersion": 14,
  "releaseTime": "2020-12-25T10:31:28+00:00",
  "time": "2020-12-25T10:31:28+00:00",
  "type": "release"
}